,accelX,accelY,accelZ,gyroX,gyroY,gyroZ,class
0,-0.010006905533373356,-0.0024722020607441664,38.69856262207031,7.528805323616423e-05,-1.398645470907863e-05,8.902817831071788e-09,mehdi
1,0.009999958798289299,-2.7787657018052414e-05,31.514041900634766,2.7951104553038645e-05,4.96720079133958e-06,3.0095362562412233e-09,mehdi
2,0.009999958798289299,-2.7787657018052414e-05,31.514041900634766,2.7951104553038645e-05,4.96720079133958e-06,3.0095362562412233e-09,mehdi
3,-0.03001377359032631,-0.004916616249829531,25.381601333618164,3.929858759981387e-05,3.900141285481789e-06,4.746128653984348e-09,mehdi
4,-0.03001377359032631,-0.004916616249829531,25.381601333618164,3.929858759981387e-05,3.900141285481789e-06,4.746128653984348e-09,mehdi
5,6.9469142545131035e-06,0.0024999896995723248,22.05828094482422,-3.039158843344677e-05,-1.7427536003387685e-05,-7.804009341383818e-09,mehdi
6,-0.010006905533373356,-0.0024722020607441664,17.701202392578125,3.673685629317187e-05,3.964096387905407e-06,-9.98671906096774e-10,mehdi
7,-0.010006905533373356,-0.0024722020607441664,17.701202392578125,3.673685629317187e-05,3.964096387905407e-06,-9.98671906096774e-10,mehdi
8,-0.02000686526298523,-0.002444414421916008,15.190361022949219,-7.688224779893056e-05,3.6693468031318214e-06,-2.0669613833387624e-09,mehdi
9,0.009999958798289299,-2.7787657018052414e-05,12.908965110778809,-2.9433822353552544e-05,-1.765241597714088e-05,-2.446528779024618e-09,mehdi
10,0.010006905533373356,0.0024722020607441664,11.539297103881836,3.9489164400772165e-05,4.299189044258422e-06,3.406933841471364e-09,mehdi
11,-0.010013852268457413,-0.0049721915274858475,10.684980392456055,-8.153735037737549e-05,4.761535642527919e-06,-3.655083898273829e-09,mehdi
12,-0.009993012063205242,0.002527777338400483,10.045361518859863,1.4095904058554902e-05,5.716273630809889e-06,-1.3544630652613496e-09,mehdi
13,-0.009993012063205242,0.002527777338400483,10.045361518859863,1.4095904058554902e-05,5.716273630809889e-06,-1.3544630652613496e-09,mehdi
14,0.010006905533373356,0.0024722020607441664,9.608271598815918,-3.778748602043384e-05,-1.443507963111917e-05,-5.687523541099986e-10,mehdi
15,-6.9469142545131035e-06,-0.0024999896995723248,9.316865921020508,1.1682615192895165e-05,7.457791486421603e-06,4.2417348238537634e-10,mehdi
16,0.04001373052597046,0.004888828843832016,9.131406784057617,-4.018873091429244e-05,-1.239653644024819e-05,7.379530923318355e-10,mehdi
17,0.04001373052597046,0.004888828843832016,9.131406784057617,-4.018873091429244e-05,-1.239653644024819e-05,7.379530923318355e-10,mehdi
18,-0.019999917596578598,5.557531403610483e-05,8.983321189880371,-4.049664036211604e-05,-1.1969186324805272e-05,-3.886571824238777e-09,mehdi
19,0.009999958798289299,-2.7787657018052414e-05,8.970909118652344,2.235183991584968e-05,1.0078661365255364e-05,-9.042197688600223e-11,mehdi
20,0.010006905533373356,0.0024722020607441664,9.051885604858398,-4.5875846848226665e-05,-1.0143375729692541e-05,-3.3672433020320455e-11,mehdi
21,-0.010006905533373356,-0.0024722020607441664,8.982559204101562,2.53205841079682e-06,1.1622098957082022e-05,1.352192944357455e-11,mehdi
22,-0.02001381106674671,-0.004944404121488333,8.92710018157959,-9.464367344566854e-05,1.2296501939740049e-05,7.038468912883637e-09,mehdi
23,-0.02001381106674671,-0.004944404121488333,8.92710018157959,-9.464367344566854e-05,1.2296501939740049e-05,7.038468912883637e-09,mehdi
24,-0.009999958798289299,2.7787657018052414e-05,9.178923606872559,6.651754047495408e-05,-8.074373308081371e-06,6.724519540831055e-10,mehdi
25,6.9469142545131035e-06,0.0024999896995723248,9.127896308898926,-9.802214106829644e-05,1.291796665072455e-05,4.73967848909034e-09,mehdi
26,0.02001381106674671,0.004944404121488333,9.184316635131836,7.407066758673076e-05,-8.044535328726002e-06,8.363637479251367e-09,mehdi
27,0.02001381106674671,0.004944404121488333,9.184316635131836,7.407066758673076e-05,-8.044535328726002e-06,8.363637479251367e-09,mehdi
28,6.9469142545131035e-06,0.0024999896995723248,9.241816520690918,4.0398324684246645e-06,1.345455034681415e-05,8.46982983895607e-09,mehdi
29,6.9469142545131035e-06,0.0024999896995723248,9.241816520690918,4.0398324684246645e-06,1.345455034681415e-05,8.46982983895607e-09,mehdi
30,0.03001377359032631,0.004916616249829531,9.306242942810059,-0.0001764597157286751,-6.992514096068669e-06,-1.5364639457987363e-09,mehdi
31,0.03001377359032631,0.004916616249829531,9.306242942810059,-0.0001764597157286751,-6.992514096068669e-06,-1.5364639457987363e-09,mehdi
32,0.009993012063205242,-0.002527777338400483,9.572609901428223,-0.00018506014077129603,-6.787657469701474e-06,-9.375360791483527e-11,mehdi
33,0.0,0.0,9.436300277709961,3.6024288282780276e-05,-6.986694851445713e-06,-1.3893259202635416e-09,mehdi
34,0.0,0.0,9.436300277709961,3.6024288282780276e-05,-6.986694851445713e-06,-1.3893259202635416e-09,mehdi
35,6.9469142545131035e-06,0.0024999896995723248,9.38573932647705,4.342958524851751e-05,-6.454569835019652e-06,1.878957205840113e-09,mehdi
36,-0.010013852268457413,-0.0049721915274858475,9.576706886291504,2.9730518336013435e-05,-7.325293954835074e-06,-2.516416697317757e-09,mehdi
37,-0.019999917596578598,5.557531403610483e-05,9.624601364135742,4.020694994572986e-05,-7.001543818031531e-06,-2.6414355553207137e-09,mehdi
38,0.020020758733153343,0.007444394752383232,9.765244483947754,3.687427091140706e-05,-6.3702819808506245e-06,1.2167088687444777e-09,mehdi
39,0.020020758733153343,0.007444394752383232,9.765244483947754,3.687427091140706e-05,-6.3702819808506245e-06,1.2167088687444777e-09,mehdi
40,0.0,0.0,9.458672523498535,-1.9635489480145134e-05,1.516348263093671e-05,-2.7086875889215892e-09,mehdi
41,6.9469142545131035e-06,0.0024999896995723248,9.675081253051758,-1.8188905223478657e-05,1.5195909836247164e-05,-1.653128281792159e-09,mehdi
42,0.029999880120158195,-8.336297469213605e-05,9.81050968170166,-8.22737783492098e-05,-6.859666449022805e-06,-8.089788540622677e-10,mehdi
43,0.029999880120158195,-8.336297469213605e-05,9.81050968170166,-8.22737783492098e-05,-6.859666449022805e-06,-8.089788540622677e-10,mehdi
44,6.9469142545131035e-06,0.0024999896995723248,9.687291145324707,-2.902362056761908e-05,1.3534138104497098e-05,-1.1799364882254021e-09,mehdi
45,0.0,0.0,9.710721015930176,4.227014940715804e-05,-7.713168959348913e-06,-2.5517431181647724e-09,mehdi
46,0.030006827786564827,0.0024166267830878496,9.646967887878418,4.4043332763400654e-05,-8.555777179335698e-06,-3.6537114889287775e-09,mehdi
47,0.030006827786564827,0.0024166267830878496,9.646967887878418,4.4043332763400654e-05,-8.555777179335698e-06,-3.6537114889287775e-09,mehdi
48,-0.009999958798289299,2.7787657018052414e-05,9.775250434875488,4.7818121315332355e-05,-9.069122979589402e-06,-2.0653870087714376e-09,mehdi
49,-0.010006905533373356,-0.0024722020607441664,9.74615478515625,5.322153950678903e-05,-9.68673723474321e-06,2.954646243548526e-09,mehdi
50,0.010006905533373356,0.0024722020607441664,9.748379707336426,-6.073065629110522e-05,-9.965410413268307e-06,-5.4131577623355584e-09,mehdi
51,0.010006905533373356,0.0024722020607441664,9.748379707336426,-6.073065629110522e-05,-9.965410413268307e-06,-5.4131577623355584e-09,mehdi
52,-0.009999958798289299,2.7787657018052414e-05,9.790019989013672,-6.537809215521268e-05,-9.643853790528601e-06,-4.165400716359969e-09,mehdi
53,0.009999958798289299,-2.7787657018052414e-05,9.74255657196045,1.0139408025894072e-05,1.0403904785204073e-05,7.050132006900564e-09,mehdi
54,0.009999958798289299,-2.7787657018052414e-05,9.74255657196045,1.0139408025894072e-05,1.0403904785204073e-05,7.050132006900564e-09,mehdi
55,0.009999958798289299,-2.7787657018052414e-05,9.74255657196045,1.0139408025894072e-05,1.0403904785204073e-05,7.050132006900564e-09,mehdi
56,6.9469142545131035e-06,0.0024999896995723248,9.775691986083984,-1.0433255045582369e-05,9.569521835845678e-06,9.170167306208908e-10,mehdi
57,-0.009999958798289299,2.7787657018052414e-05,9.820693969726562,6.214566990400362e-05,-1.2025791038137841e-05,-2.099046818965366e-10,mehdi
58,0.009999958798289299,-2.7787657018052414e-05,9.7868070602417,-4.274773620568361e-05,-1.2171342991025594e-05,2.8234992518130593e-09,mehdi
59,-0.02001381106674671,-0.004944404121488333,9.78463077545166,6.237997042627892e-05,-1.2392508484021835e-05,-1.178197519953312e-09,mehdi
60,-0.02001381106674671,-0.004944404121488333,9.78463077545166,6.237997042627892e-05,-1.2392508484021835e-05,-1.178197519953312e-09,mehdi
61,-0.009993012063205242,0.002527777338400483,9.800457954406738,5.8821585797096504e-05,-1.0945320888854503e-05,-2.4344782934474892e-08,mehdi
62,0.02000686526298523,0.002444414421916008,9.747306823730469,0.0,0.0,0.0,mehdi
63,0.02000686526298523,0.002444414421916008,9.747306823730469,0.0,0.0,0.0,mehdi
64,0.009999958798289299,-2.7787657018052414e-05,9.8100004196167,0.0,0.0,0.0,mehdi
65,-0.039999835193157196,0.00011115062807220966,9.809999465942383,0.0,0.0,0.0,mehdi
66,0.020020758733153343,0.007444394752383232,9.810001373291016,0.0,0.0,0.0,mehdi
67,6.9469142545131035e-06,0.0024999896995723248,9.8100004196167,0.0,0.0,0.0,mehdi
68,6.9469142545131035e-06,0.0024999896995723248,9.8100004196167,0.0,0.0,0.0,mehdi
69,0.03002072125673294,0.00741660688072443,9.810001373291016,0.0,0.0,0.0,mehdi
70,-0.020020758733153343,-0.007444394752383232,9.809999465942383,0.0,0.0,0.0,mehdi
71,-6.9469142545131035e-06,-0.0024999896995723248,9.8100004196167,0.0,0.0,0.0,mehdi
72,-6.9469142545131035e-06,-0.0024999896995723248,9.8100004196167,0.0,0.0,0.0,mehdi
73,-0.02001381106674671,-0.004944404121488333,9.8100004196167,0.0,0.0,0.0,mehdi
74,0.02000686526298523,0.002444414421916008,9.8100004196167,0.0,0.0,0.0,mehdi
75,-0.010006905533373356,-0.0024722020607441664,9.8100004196167,0.0,0.0,0.0,mehdi
76,0.010006905533373356,0.0024722020607441664,9.8100004196167,0.0,0.0,0.0,mehdi
77,0.010006905533373356,0.0024722020607441664,9.8100004196167,0.0,0.0,0.0,mehdi
78,-0.009999958798289299,2.7787657018052414e-05,9.8100004196167,0.0,0.0,0.0,mehdi
79,0.0,0.0,9.8100004196167,0.0,0.0,0.0,mehdi
80,-0.010006905533373356,-0.0024722020607441664,9.809999465942383,0.0,0.0,0.0,mehdi
81,-6.9469142545131035e-06,-0.0024999896995723248,9.8100004196167,0.0,0.0,0.0,mehdi
82,-6.9469142545131035e-06,-0.0024999896995723248,9.8100004196167,0.0,0.0,0.0,mehdi
83,0.010013852268457413,0.0049721915274858475,9.810001373291016,0.0,0.0,0.0,mehdi
84,-0.02000686526298523,-0.002444414421916008,9.809999465942383,0.0,0.0,0.0,mehdi
85,0.02000686526298523,0.002444414421916008,9.810001373291016,0.0,0.0,0.0,mehdi
86,0.02000686526298523,0.002444414421916008,9.810001373291016,0.0,0.0,0.0,mehdi
87,-6.9469142545131035e-06,-0.0024999896995723248,9.8100004196167,0.0,0.0,0.0,mehdi
88,0.010006905533373356,0.0024722020607441664,9.8100004196167,0.0,0.0,0.0,mehdi
89,0.010006905533373356,0.0024722020607441664,9.8100004196167,0.0,0.0,0.0,mehdi
90,0.019999917596578598,-5.557531403610483e-05,9.8100004196167,0.0,0.0,0.0,mehdi
91,-0.010006905533373356,-0.0024722020607441664,9.8100004196167,0.0,0.0,0.0,mehdi
92,0.02000686526298523,0.002444414421916008,9.8100004196167,0.0,0.0,0.0,mehdi
93,0.0,0.0,9.8100004196167,0.0,0.0,0.0,mehdi
94,6.9469142545131035e-06,0.0024999896995723248,9.8100004196167,0.0,0.0,0.0,mehdi
95,6.9469142545131035e-06,0.0024999896995723248,9.8100004196167,0.0,0.0,0.0,mehdi
96,0.0,0.0,9.8100004196167,0.0,0.0,0.0,mehdi
97,-0.009999958798289299,2.7787657018052414e-05,9.8100004196167,0.0,0.0,0.0,mehdi
98,0.02000686526298523,0.002444414421916008,9.8100004196167,0.0,0.0,0.0,mehdi
99,-6.9469142545131035e-06,-0.0024999896995723248,9.8100004196167,0.0,0.0,0.0,mehdi
100,-6.9469142545131035e-06,-0.0024999896995723248,9.8100004196167,0.0,0.0,0.0,mehdi
101,-0.010006905533373356,-0.0024722020607441664,9.8100004196167,0.0,0.0,0.0,mehdi
102,0.010006905533373356,0.0024722020607441664,9.8100004196167,0.0,0.0,0.0,mehdi
103,0.010006905533373356,0.0024722020607441664,9.8100004196167,0.0,0.0,0.0,mehdi
104,-0.03002072125673294,-0.00741660688072443,9.809999465942383,0.0,0.0,0.0,mehdi
105,-0.03002072125673294,-0.00741660688072443,9.809999465942383,0.0,0.0,0.0,mehdi
106,0.019999917596578598,-5.557531403610483e-05,9.8100004196167,0.0,0.0,0.0,mehdi
107,-0.010013852268457413,-0.0049721915274858475,9.8100004196167,0.0,0.0,0.0,mehdi
108,-0.009999958798289299,2.7787657018052414e-05,9.8100004196167,0.0,0.0,0.0,mehdi
109,0.010013852268457413,0.0049721915274858475,9.8100004196167,0.0,0.0,0.0,mehdi
110,0.010013852268457413,0.0049721915274858475,9.8100004196167,0.0,0.0,0.0,mehdi
111,0.009999958798289299,-2.7787657018052414e-05,9.8100004196167,0.0,0.0,0.0,mehdi
112,0.010006905533373356,0.0024722020607441664,9.8100004196167,0.0,0.0,0.0,mehdi
113,-6.9469142545131035e-06,-0.0024999896995723248,9.8100004196167,0.0,0.0,0.0,mehdi
114,-6.9469142545131035e-06,-0.0024999896995723248,9.8100004196167,0.0,0.0,0.0,mehdi
115,0.0,0.0,9.8100004196167,0.0,0.0,0.0,mehdi
116,0.02000686526298523,0.002444414421916008,9.8100004196167,0.0,0.0,0.0,mehdi
117,0.010006905533373356,0.0024722020607441664,9.8100004196167,0.0,0.0,0.0,mehdi
118,0.010006905533373356,0.0024722020607441664,9.8100004196167,0.0,0.0,0.0,mehdi
119,0.010013852268457413,0.0049721915274858475,9.810001373291016,0.0,0.0,0.0,mehdi
120,0.02000686526298523,0.002444414421916008,9.8100004196167,0.0,0.0,0.0,mehdi
121,0.010006905533373356,0.0024722020607441664,9.8100004196167,0.0,0.0,0.0,mehdi
122,-0.010013852268457413,-0.0049721915274858475,9.8100004196167,0.0,0.0,0.0,mehdi
123,-6.9469142545131035e-06,-0.0024999896995723248,9.8100004196167,0.0,0.0,0.0,mehdi
124,-6.9469142545131035e-06,-0.0024999896995723248,9.8100004196167,0.0,0.0,0.0,mehdi
125,0.009999958798289299,-2.7787657018052414e-05,9.8100004196167,0.0,0.0,0.0,mehdi
126,-6.9469142545131035e-06,-0.0024999896995723248,9.8100004196167,0.0,0.0,0.0,mehdi
127,-0.02000686526298523,-0.002444414421916008,9.809999465942383,0.0,0.0,0.0,mehdi
128,-0.02000686526298523,-0.002444414421916008,9.809999465942383,0.0,0.0,0.0,mehdi
129,-0.030006827786564827,-0.0024166267830878496,9.8100004196167,0.0,0.0,0.0,mehdi
130,0.0,0.0,9.8100004196167,0.0,0.0,0.0,mehdi
131,-0.010006905533373356,-0.0024722020607441664,9.8100004196167,0.0,0.0,0.0,mehdi
132,0.009999958798289299,-2.7787657018052414e-05,9.8100004196167,0.0,0.0,0.0,mehdi
133,0.009999958798289299,-2.7787657018052414e-05,9.8100004196167,0.0,0.0,0.0,mehdi
134,0.019999917596578598,-5.557531403610483e-05,9.810001373291016,0.0,0.0,0.0,mehdi
135,6.9469142545131035e-06,0.0024999896995723248,9.8100004196167,0.0,0.0,0.0,mehdi
136,6.9469142545131035e-06,0.0024999896995723248,9.8100004196167,0.0,0.0,0.0,mehdi
137,0.010006905533373356,0.0024722020607441664,9.8100004196167,0.0,0.0,0.0,mehdi
138,0.010006905533373356,0.0024722020607441664,9.8100004196167,0.0,0.0,0.0,mehdi
139,-6.9469142545131035e-06,-0.0024999896995723248,9.8100004196167,0.0,0.0,0.0,mehdi
140,6.9469142545131035e-06,0.0024999896995723248,9.8100004196167,0.0,0.0,0.0,mehdi
141,-0.02000686526298523,-0.002444414421916008,9.809999465942383,0.0,0.0,0.0,mehdi
142,0.02001381106674671,0.004944404121488333,9.810001373291016,0.0,0.0,0.0,mehdi
143,0.02001381106674671,0.004944404121488333,9.810001373291016,0.0,0.0,0.0,mehdi
144,-0.03001377359032631,-0.004916616249829531,9.809999465942383,0.0,0.0,0.0,mehdi
145,0.02001381106674671,0.004944404121488333,9.8100004196167,0.0,0.0,0.0,mehdi
146,0.010006905533373356,0.0024722020607441664,9.8100004196167,0.0,0.0,0.0,mehdi
147,0.0,0.0,9.8100004196167,0.0,0.0,0.0,mehdi
148,0.0,0.0,9.8100004196167,0.0,0.0,0.0,mehdi
149,-0.010013852268457413,-0.0049721915274858475,9.809999465942383,0.0,0.0,0.0,mehdi
150,0.02000686526298523,0.002444414421916008,9.810001373291016,0.0,0.0,0.0,mehdi
151,-0.02000686526298523,-0.002444414421916008,9.8100004196167,0.0,0.0,0.0,mehdi
152,-0.02000686526298523,-0.002444414421916008,9.8100004196167,0.0,0.0,0.0,mehdi
153,-0.010006905533373356,-0.0024722020607441664,9.8100004196167,0.0,0.0,0.0,mehdi
154,0.030027667060494423,0.009916596114635468,9.810001373291016,0.0,0.0,0.0,mehdi
155,0.0,0.0,9.8100004196167,0.0,0.0,0.0,mehdi
156,-6.9469142545131035e-06,-0.0024999896995723248,9.8100004196167,0.0,0.0,0.0,mehdi
157,-6.9469142545131035e-06,-0.0024999896995723248,9.8100004196167,0.0,0.0,0.0,mehdi
158,-6.9469142545131035e-06,-0.0024999896995723248,9.8100004196167,0.0,0.0,0.0,mehdi
159,-0.02001381106674671,-0.004944404121488333,9.809999465942383,0.0,0.0,0.0,mehdi
160,0.009999958798289299,-2.7787657018052414e-05,9.8100004196167,0.0,0.0,0.0,mehdi
161,0.009999958798289299,-2.7787657018052414e-05,9.8100004196167,0.0,0.0,0.0,mehdi
162,0.04001373052597046,0.004888828843832016,9.810001373291016,0.0,0.0,0.0,mehdi
163,6.9469142545131035e-06,0.0024999896995723248,9.8100004196167,0.0,0.0,0.0,mehdi
164,6.9469142545131035e-06,0.0024999896995723248,9.8100004196167,0.0,0.0,0.0,mehdi
165,-0.009999958798289299,2.7787657018052414e-05,9.8100004196167,0.0,0.0,0.0,mehdi
166,0.02001381106674671,0.004944404121488333,9.810001373291016,0.0,0.0,0.0,mehdi
167,0.02001381106674671,0.004944404121488333,9.810001373291016,0.0,0.0,0.0,mehdi
168,6.9469142545131035e-06,0.0024999896995723248,9.8100004196167,0.0,0.0,0.0,mehdi
169,0.010006905533373356,0.0024722020607441664,9.8100004196167,0.0,0.0,0.0,mehdi
170,-0.03001377359032631,-0.004916616249829531,9.809999465942383,0.0,0.0,0.0,mehdi
171,-0.02000686526298523,-0.002444414421916008,9.809999465942383,0.0,0.0,0.0,mehdi
172,-0.02000686526298523,-0.002444414421916008,9.809999465942383,0.0,0.0,0.0,mehdi
173,-0.02000686526298523,-0.002444414421916008,9.8100004196167,0.0,0.0,0.0,mehdi
174,-0.02000686526298523,-0.002444414421916008,9.809999465942383,0.0,0.0,0.0,mehdi
175,-0.02000686526298523,-0.002444414421916008,9.809999465942383,0.0,0.0,0.0,mehdi
176,0.010013852268457413,0.0049721915274858475,9.810001373291016,0.0,0.0,0.0,mehdi
177,0.009999958798289299,-2.7787657018052414e-05,9.8100004196167,0.0,0.0,0.0,mehdi
178,0.02000686526298523,0.002444414421916008,9.8100004196167,0.0,0.0,0.0,mehdi
179,0.009999958798289299,-2.7787657018052414e-05,9.8100004196167,0.0,0.0,0.0,mehdi
180,-1.3893828509026207e-05,-0.0049999793991446495,9.8100004196167,0.0,0.0,0.0,mehdi
181,-1.3893828509026207e-05,-0.0049999793991446495,9.8100004196167,0.0,0.0,0.0,mehdi
182,0.030006827786564827,0.0024166267830878496,9.810001373291016,0.0,0.0,0.0,mehdi
183,-0.03002072125673294,-0.00741660688072443,9.809999465942383,0.0,0.0,0.0,mehdi
184,-0.009993012063205242,0.002527777338400483,9.8100004196167,0.0,0.0,0.0,mehdi
185,-0.009993012063205242,0.002527777338400483,9.8100004196167,0.0,0.0,0.0,mehdi
186,0.010006905533373356,0.0024722020607441664,9.8100004196167,0.0,0.0,0.0,mehdi
187,0.009999958798289299,-2.7787657018052414e-05,9.8100004196167,0.0,0.0,0.0,mehdi
188,0.009999958798289299,-2.7787657018052414e-05,9.810001373291016,0.0,0.0,0.0,mehdi
189,-0.009999958798289299,2.7787657018052414e-05,9.809999465942383,0.0,0.0,0.0,mehdi
190,-0.010006905533373356,-0.0024722020607441664,9.8100004196167,0.0,0.0,0.0,mehdi
191,-0.010006905533373356,-0.0024722020607441664,9.8100004196167,0.0,0.0,0.0,mehdi
192,-0.05002062767744064,-0.007361031603068113,9.809999465942383,0.0,0.0,0.0,mehdi
193,-0.009999958798289299,2.7787657018052414e-05,9.8100004196167,0.0,0.0,0.0,mehdi
194,-0.010006905533373356,-0.0024722020607441664,9.8100004196167,0.0,0.0,0.0,mehdi
195,-0.019999917596578598,5.557531403610483e-05,9.8100004196167,0.0,0.0,0.0,mehdi
196,-0.019999917596578598,5.557531403610483e-05,9.8100004196167,0.0,0.0,0.0,mehdi
197,6.9469142545131035e-06,0.0024999896995723248,9.8100004196167,0.0,0.0,0.0,mehdi
198,0.02000686526298523,0.002444414421916008,9.8100004196167,0.0,0.0,0.0,mehdi
199,0.02000686526298523,0.002444414421916008,9.8100004196167,0.0,0.0,0.0,mehdi
200,-0.010006905533373356,-0.0024722020607441664,9.809999465942383,0.0,0.0,0.0,mehdi
201,-0.02000686526298523,-0.002444414421916008,9.809999465942383,0.0,0.0,0.0,mehdi
202,-0.03001377359032631,-0.004916616249829531,9.809999465942383,0.0,0.0,0.0,mehdi
203,-6.9469142545131035e-06,-0.0024999896995723248,9.8100004196167,0.0,0.0,0.0,mehdi
204,0.0,0.0,9.8100004196167,0.0,0.0,0.0,mehdi
205,0.0,0.0,9.8100004196167,0.0,0.0,0.0,mehdi
206,-0.03001377359032631,-0.004916616249829531,9.8100004196167,0.0,0.0,0.0,mehdi
207,-0.03001377359032631,-0.004916616249829531,9.8100004196167,0.0,0.0,0.0,mehdi
208,-0.009999958798289299,2.7787657018052414e-05,9.8100004196167,0.0,0.0,0.0,mehdi
209,-0.009999958798289299,2.7787657018052414e-05,9.8100004196167,0.0,0.0,0.0,mehdi
210,0.009999958798289299,-2.7787657018052414e-05,9.8100004196167,0.0,0.0,0.0,mehdi
211,0.02000686526298523,0.002444414421916008,9.8100004196167,0.0,0.0,0.0,mehdi
212,-0.04002762213349342,-0.009888808242976665,9.809999465942383,0.0,0.0,0.0,mehdi
213,-0.04002762213349342,-0.009888808242976665,9.809999465942383,0.0,0.0,0.0,mehdi
214,0.02000686526298523,0.002444414421916008,9.8100004196167,0.0,0.0,0.0,mehdi
215,-0.010013852268457413,-0.0049721915274858475,9.809999465942383,0.0,0.0,0.0,mehdi
216,0.02001381106674671,0.004944404121488333,9.810001373291016,0.0,0.0,0.0,mehdi
217,-0.010006905533373356,-0.0024722020607441664,9.8100004196167,0.0,0.0,0.0,mehdi
218,-0.010006905533373356,-0.0024722020607441664,9.8100004196167,0.0,0.0,0.0,mehdi
219,0.0,0.0,9.8100004196167,0.0,0.0,0.0,mehdi
220,0.02000686526298523,0.002444414421916008,9.8100004196167,0.0,0.0,0.0,mehdi
221,0.02000686526298523,0.002444414421916008,9.8100004196167,0.0,0.0,0.0,mehdi
222,-0.009993012063205242,0.002527777338400483,9.8100004196167,0.0,0.0,0.0,mehdi
223,-0.009993012063205242,0.002527777338400483,9.8100004196167,0.0,0.0,0.0,mehdi
224,6.9469142545131035e-06,0.0024999896995723248,9.8100004196167,0.0,0.0,0.0,mehdi
225,0.010006905533373356,0.0024722020607441664,9.810001373291016,0.0,0.0,0.0,mehdi
226,-0.010006905533373356,-0.0024722020607441664,9.8100004196167,0.0,0.0,0.0,mehdi
227,-0.010006905533373356,-0.0024722020607441664,9.8100004196167,0.0,0.0,0.0,mehdi
228,-0.009993012063205242,0.002527777338400483,9.8100004196167,0.0,0.0,0.0,mehdi
229,-0.009999958798289299,2.7787657018052414e-05,9.8100004196167,0.0,0.0,0.0,mehdi
230,0.009999958798289299,-2.7787657018052414e-05,9.8100004196167,0.0,0.0,0.0,mehdi
231,-0.009999958798289299,2.7787657018052414e-05,9.8100004196167,0.0,0.0,0.0,mehdi
232,-0.009999958798289299,2.7787657018052414e-05,9.8100004196167,0.0,0.0,0.0,mehdi
233,0.009999958798289299,-2.7787657018052414e-05,9.8100004196167,0.0,0.0,0.0,mehdi
234,-0.02001381106674671,-0.004944404121488333,9.809999465942383,0.0,0.0,0.0,mehdi
235,0.04002067446708679,0.007388819474726915,9.8100004196167,0.0,0.0,0.0,mehdi
236,0.04002067446708679,0.007388819474726915,9.8100004196167,0.0,0.0,0.0,mehdi
237,-6.9469142545131035e-06,-0.0024999896995723248,9.8100004196167,0.0,0.0,0.0,mehdi
238,0.019999917596578598,-5.557531403610483e-05,9.8100004196167,0.0,0.0,0.0,mehdi
239,6.9469142545131035e-06,0.0024999896995723248,9.8100004196167,0.0,0.0,0.0,mehdi
240,-0.009993012063205242,0.002527777338400483,9.8100004196167,0.0,0.0,0.0,mehdi
241,-0.009993012063205242,0.002527777338400483,9.8100004196167,0.0,0.0,0.0,mehdi
242,-0.009999958798289299,2.7787657018052414e-05,9.809999465942383,0.0,0.0,0.0,mehdi
243,0.019992969930171967,-0.0025555649772286415,9.8100004196167,0.0,0.0,0.0,mehdi
244,0.0,0.0,9.8100004196167,0.0,0.0,0.0,mehdi
245,-0.02001381106674671,-0.004944404121488333,9.8100004196167,0.0,0.0,0.0,mehdi
246,-0.02001381106674671,-0.004944404121488333,9.8100004196167,0.0,0.0,0.0,mehdi
247,0.009999958798289299,-2.7787657018052414e-05,9.8100004196167,0.0,0.0,0.0,mehdi
248,0.019999917596578598,-5.557531403610483e-05,9.810001373291016,0.0,0.0,0.0,mehdi
249,-0.04001373052597046,-0.004888828843832016,9.809999465942383,0.0,0.0,0.0,mehdi
250,-6.9469142545131035e-06,-0.0024999896995723248,9.8100004196167,0.0,0.0,0.0,mehdi
251,-6.9469142545131035e-06,-0.0024999896995723248,9.8100004196167,0.0,0.0,0.0,mehdi
252,-6.9469142545131035e-06,-0.0024999896995723248,9.8100004196167,0.0,0.0,0.0,mehdi
253,0.010006905533373356,0.0024722020607441664,9.8100004196167,0.0,0.0,0.0,mehdi
254,0.010006905533373356,0.0024722020607441664,9.8100004196167,0.0,0.0,0.0,mehdi
255,-0.009999958798289299,2.7787657018052414e-05,9.8100004196167,0.0,0.0,0.0,mehdi
256,-0.009999958798289299,2.7787657018052414e-05,9.8100004196167,0.0,0.0,0.0,mehdi
257,0.010013852268457413,0.0049721915274858475,9.8100004196167,0.0,0.0,0.0,mehdi
258,0.010006905533373356,0.0024722020607441664,9.8100004196167,0.0,0.0,0.0,mehdi
259,-6.9469142545131035e-06,-0.0024999896995723248,9.8100004196167,0.0,0.0,0.0,mehdi
260,6.9469142545131035e-06,0.0024999896995723248,9.8100004196167,0.0,0.0,0.0,mehdi
261,6.9469142545131035e-06,0.0024999896995723248,9.8100004196167,0.0,0.0,0.0,mehdi
262,-0.009999958798289299,2.7787657018052414e-05,9.8100004196167,0.0,0.0,0.0,mehdi
263,0.0,0.0,9.8100004196167,0.0,0.0,0.0,mehdi
264,-0.009993012063205242,0.002527777338400483,9.8100004196167,0.0,0.0,0.0,mehdi
265,-0.010006905533373356,-0.0024722020607441664,9.8100004196167,0.0,0.0,0.0,mehdi
266,-0.010006905533373356,-0.0024722020607441664,9.8100004196167,0.0,0.0,0.0,mehdi
267,6.9469142545131035e-06,0.0024999896995723248,9.810001373291016,0.0,0.0,0.0,mehdi
268,-0.009993012063205242,0.002527777338400483,9.8100004196167,0.0,0.0,0.0,mehdi
269,-0.010006905533373356,-0.0024722020607441664,9.8100004196167,0.0,0.0,0.0,mehdi
270,-0.010006905533373356,-0.0024722020607441664,9.8100004196167,0.0,0.0,0.0,mehdi
271,0.009993012063205242,-0.002527777338400483,9.8100004196167,0.0,0.0,0.0,mehdi
272,0.04001373052597046,0.004888828843832016,9.810001373291016,0.0,0.0,0.0,mehdi
273,6.9469142545131035e-06,0.0024999896995723248,9.8100004196167,0.0,0.0,0.0,mehdi
274,6.9469142545131035e-06,0.0024999896995723248,9.8100004196167,0.0,0.0,0.0,mehdi
275,6.9469142545131035e-06,0.0024999896995723248,9.8100004196167,0.0,0.0,0.0,mehdi
276,0.009993012063205242,-0.002527777338400483,9.8100004196167,0.0,0.0,0.0,mehdi
277,6.9469142545131035e-06,0.0024999896995723248,9.8100004196167,0.0,0.0,0.0,mehdi
278,0.030006827786564827,0.0024166267830878496,9.8100004196167,0.0,0.0,0.0,mehdi
279,-0.010006905533373356,-0.0024722020607441664,9.8100004196167,0.0,0.0,0.0,mehdi
280,-0.010006905533373356,-0.0024722020607441664,9.8100004196167,0.0,0.0,0.0,mehdi
281,0.010006905533373356,0.0024722020607441664,9.8100004196167,0.0,0.0,0.0,mehdi
282,-6.9469142545131035e-06,-0.0024999896995723248,9.8100004196167,0.0,0.0,0.0,mehdi
283,-0.010006905533373356,-0.0024722020607441664,9.809999465942383,0.0,0.0,0.0,mehdi
284,-0.010006905533373356,-0.0024722020607441664,9.809999465942383,0.0,0.0,0.0,mehdi
285,6.9469142545131035e-06,0.0024999896995723248,9.8100004196167,0.0,0.0,0.0,mehdi
286,0.019999917596578598,-5.557531403610483e-05,9.8100004196167,0.0,0.0,0.0,mehdi
287,0.020020758733153343,0.007444394752383232,9.810001373291016,0.0,0.0,0.0,mehdi
288,0.020020758733153343,0.007444394752383232,9.810001373291016,0.0,0.0,0.0,mehdi
289,-6.9469142545131035e-06,-0.0024999896995723248,9.8100004196167,0.0,0.0,0.0,mehdi
290,0.030006827786564827,0.0024166267830878496,9.8100004196167,0.0,0.0,0.0,mehdi
291,0.02000686526298523,0.002444414421916008,9.810001373291016,0.0,0.0,0.0,mehdi
292,-0.03001377359032631,-0.004916616249829531,9.8100004196167,0.0,0.0,0.0,mehdi
293,-0.03001377359032631,-0.004916616249829531,9.8100004196167,0.0,0.0,0.0,mehdi
294,0.020020758733153343,0.007444394752383232,9.810001373291016,0.0,0.0,0.0,mehdi
295,0.009999958798289299,-2.7787657018052414e-05,9.8100004196167,0.0,0.0,0.0,mehdi
296,0.009993012063205242,-0.002527777338400483,9.8100004196167,0.0,0.0,0.0,mehdi
297,0.009993012063205242,-0.002527777338400483,9.8100004196167,0.0,0.0,0.0,mehdi
298,0.030006827786564827,0.0024166267830878496,9.810001373291016,0.0,0.0,0.0,mehdi
299,0.010006905533373356,0.0024722020607441664,9.810001373291016,0.0,0.0,0.0,mehdi
300,0.030006827786564827,0.0024166267830878496,9.810001373291016,0.0,0.0,0.0,mehdi
301,0.04002067446708679,0.007388819474726915,9.810001373291016,0.0,0.0,0.0,mehdi
302,0.04002067446708679,0.007388819474726915,9.810001373291016,0.0,0.0,0.0,mehdi
303,-6.9469142545131035e-06,-0.0024999896995723248,9.8100004196167,0.0,0.0,0.0,mehdi
304,6.9469142545131035e-06,0.0024999896995723248,9.8100004196167,0.0,0.0,0.0,mehdi
305,-6.9469142545131035e-06,-0.0024999896995723248,9.8100004196167,0.0,0.0,0.0,mehdi
306,-6.9469142545131035e-06,-0.0024999896995723248,9.8100004196167,0.0,0.0,0.0,mehdi
307,0.019999917596578598,-5.557531403610483e-05,9.810001373291016,0.0,0.0,0.0,mehdi
