time_s,locked_position_m,locked_speed_mps,locked_slip,abs_position_m,abs_speed_mps,abs_slip,abs_estimated_mu
0.000000,0.000000,30.000000,0.000000,0.000000,30.000000,0.000000,0.800000
0.020000,0.598882,29.888164,0.045120,0.598799,29.879863,0.064800,0.810800
0.040000,1.195345,29.758209,0.088074,1.195020,29.742231,0.106272,0.819656
0.060000,1.789038,29.611005,0.128967,1.788376,29.593404,0.132814,0.826918
0.080000,2.379621,29.447379,0.167896,2.378684,29.437411,0.149801,0.832873
0.100000,2.966918,29.282241,0.204957,2.965826,29.276832,0.160673,0.837756
0.120000,3.550962,29.122186,0.240239,3.549728,29.113317,0.167630,0.841760
0.140000,4.131853,28.966969,0.273828,4.130340,28.947925,0.172084,0.845043
0.160000,4.709687,28.816358,0.305804,4.707633,28.781330,0.174933,0.847735
0.180000,5.284552,28.670131,0.336245,5.281586,28.613966,0.176757,0.849943
0.200000,5.856534,28.528079,0.365226,5.852187,28.446109,0.177925,0.851753
0.220000,6.425714,28.390001,0.392815,6.419427,28.277938,0.178672,0.853238
0.240000,6.992172,28.255706,0.419080,6.983302,28.109564,0.179150,0.854455
0.260000,7.555979,28.125012,0.444084,7.543808,27.941062,0.179456,0.855453
0.280000,8.117206,27.997748,0.467888,8.100944,27.772476,0.179652,0.856271
0.300000,8.675921,27.873747,0.490549,8.654707,27.603838,0.179777,0.856943
0.320000,9.232187,27.752854,0.512123,9.205097,27.435167,0.179857,0.857493
0.340000,9.786065,27.634919,0.532661,9.752113,27.266473,0.179909,0.857944
0.360000,10.337612,27.519800,0.552213,10.295756,27.097766,0.179942,0.858314
0.380000,10.886884,27.407363,0.570827,10.836024,26.929050,0.179963,0.858618
0.400000,11.433932,27.297478,0.588547,11.372918,26.760328,0.179976,0.858866
0.420000,11.978807,27.190023,0.605417,11.906437,26.591602,0.179985,0.859071
0.440000,12.521556,27.084881,0.621477,12.436582,26.422874,0.179990,0.859238
0.460000,13.062225,26.981941,0.636766,12.963352,26.254145,0.179994,0.859375
0.480000,13.600855,26.881098,0.651321,13.486748,26.085415,0.179996,0.859488
0.500000,14.137488,26.782251,0.665178,14.006769,25.916684,0.179997,0.859580
0.520000,14.672164,26.685304,0.678369,14.523415,25.747952,0.179998,0.859655
0.540000,15.204919,26.590166,0.690928,15.036687,25.579221,0.179999,0.859717
0.560000,15.735788,26.496750,0.702883,15.546584,25.410489,0.179999,0.859768
0.580000,16.264805,26.404973,0.714265,16.053106,25.241757,0.180000,0.859810
0.600000,16.792002,26.314757,0.725100,16.556254,25.073025,0.180000,0.859844
0.620000,17.317410,26.226026,0.735415,17.056027,24.904293,0.180000,0.859872
0.640000,17.841058,26.138711,0.745235,17.552426,24.735562,0.180000,0.859895
0.660000,18.362972,26.052741,0.754584,18.045450,24.566830,0.180000,0.859914
0.680000,18.883534,26.003505,0.763484,18.535816,24.469815,0.192960,0.795130
0.700000,19.403119,25.954977,0.771957,19.024238,24.372409,0.188294,0.742006
0.720000,19.921740,25.907126,0.780023,19.510710,24.274754,0.185308,0.698445
0.740000,20.439411,25.859917,0.787702,19.995227,24.176939,0.183397,0.662725
0.760000,20.956143,25.813321,0.795012,20.477787,24.079021,0.182174,0.633434
0.780000,21.471949,25.767307,0.801971,20.958387,23.981037,0.181392,0.609416
0.800000,21.986841,25.721848,0.808597,21.437028,23.883012,0.180891,0.589721
0.820000,22.500829,25.676917,0.814904,21.913707,23.784959,0.180570,0.573572
0.840000,23.013923,25.632490,0.820909,22.388426,23.686890,0.180365,0.560329
0.860000,23.526133,25.588540,0.826625,22.861183,23.588810,0.180233,0.549469
0.880000,24.037469,25.545047,0.832067,23.331978,23.490722,0.180149,0.540565
0.900000,24.547939,25.501988,0.837248,23.800812,23.392630,0.180096,0.533263
0.920000,25.057553,25.459341,0.842180,24.267683,23.294535,0.180061,0.527276
0.940000,25.566317,25.417088,0.846875,24.732593,23.196438,0.180039,0.522366
0.960000,26.074240,25.375209,0.851345,25.195541,23.098341,0.180025,0.518340
0.980000,26.581329,25.333686,0.855601,25.656527,23.000242,0.180016,0.515039
1.000000,27.087590,25.292484,0.859652,26.115550,22.902143,0.180010,0.512332
1.020000,27.593028,25.251282,0.863509,26.572612,22.804043,0.180007,0.510112
1.040000,28.097642,25.210080,0.867180,27.027712,22.705944,0.180004,0.508292
1.060000,28.601431,25.168878,0.870676,27.480850,22.607844,0.180003,0.506799
1.080000,29.104397,25.127676,0.874003,27.932026,22.509744,0.180002,0.505576
1.100000,29.606538,25.086474,0.877171,28.381240,22.411644,0.180001,0.504572
1.120000,30.107856,25.045272,0.880187,28.828492,22.313544,0.180001,0.503749
1.140000,30.608349,25.004070,0.883058,29.273782,22.215444,0.180000,0.503074
1.160000,31.108019,24.962868,0.885791,29.717109,22.117344,0.180000,0.502521
1.180000,31.606864,24.921666,0.888393,30.158475,22.019244,0.180000,0.502067
1.200000,32.104885,24.880464,0.890870,30.597879,21.921144,0.180000,0.501695
1.220000,32.602083,24.839262,0.893228,31.035321,21.823044,0.180000,0.501390
1.240000,33.098456,24.798060,0.895473,31.470801,21.724944,0.180000,0.501140
1.260000,33.594005,24.756858,0.897611,31.904319,21.626844,0.180000,0.500935
1.280000,34.088730,24.715656,0.899645,32.335875,21.528744,0.180000,0.500766
1.300000,34.582631,24.674454,0.901582,32.765469,21.430644,0.180000,0.500628
1.320000,35.075708,24.633252,0.903427,33.193101,21.332544,0.180000,0.500515
1.340000,35.567961,24.592050,0.905182,33.618770,21.234444,0.180000,0.500423
1.360000,36.059390,24.550848,0.906853,34.042478,21.136344,0.180000,0.500346
1.380000,36.549995,24.509646,0.908444,34.464224,21.038244,0.180000,0.500284
1.400000,37.039776,24.468444,0.909959,34.884008,20.940144,0.180000,0.500233
1.420000,37.528733,24.427242,0.911401,35.301830,20.842044,0.180000,0.500191
1.440000,38.016866,24.386040,0.912774,35.717690,20.743944,0.180000,0.500157
1.460000,38.504175,24.344838,0.914081,36.131588,20.645844,0.180000,0.500128
1.480000,38.990659,24.303636,0.915325,36.543524,20.547744,0.180000,0.500105
1.500000,39.476320,24.262434,0.916509,36.953498,20.449644,0.180000,0.500086
1.520000,39.961157,24.221232,0.917637,37.361509,20.351544,0.180000,0.500071
1.540000,40.445169,24.180030,0.918710,37.767559,20.253444,0.180000,0.500058
1.560000,40.928358,24.138828,0.919732,38.171647,20.155344,0.180000,0.500048
1.580000,41.410723,24.097626,0.920705,38.573773,20.057244,0.180000,0.500039
1.600000,41.892263,24.056424,0.921631,38.973937,19.959144,0.180000,0.500032
1.620000,42.372980,24.015222,0.922513,39.372139,19.861044,0.180000,0.500026
1.640000,42.852872,23.974020,0.923352,39.768379,19.762944,0.180000,0.500022
1.660000,43.331940,23.932818,0.924151,40.162657,19.664844,0.180000,0.500018
1.680000,43.810185,23.891616,0.924912,40.554973,19.566744,0.180000,0.500014
1.700000,44.287605,23.850414,0.925636,40.945326,19.468644,0.180000,0.500012
1.720000,44.764201,23.809212,0.926326,41.333718,19.370544,0.180000,0.500010
1.740000,45.239974,23.768010,0.926982,41.720148,19.272444,0.180000,0.500008
1.760000,45.714922,23.726808,0.927607,42.104616,19.174344,0.180000,0.500007
1.780000,46.189046,23.685606,0.928202,42.487122,19.076244,0.180000,0.500005
1.800000,46.662346,23.644404,0.928768,42.867666,18.978144,0.180000,0.500004
1.820000,47.134822,23.603202,0.929307,43.246248,18.880044,0.180000,0.500004
1.840000,47.606474,23.562000,0.929820,43.622868,18.781944,0.180000,0.500003
1.860000,48.077302,23.520798,0.930309,43.997526,18.683844,0.180000,0.500002
1.880000,48.547306,23.479596,0.930774,44.370221,18.585744,0.180000,0.500002
1.900000,49.016486,23.438394,0.931217,44.740955,18.487644,0.180000,0.500002
1.920000,49.484842,23.397192,0.931639,45.109727,18.389544,0.180000,0.500001
1.940000,49.952374,23.355990,0.932040,45.476537,18.291444,0.180000,0.500001
1.960000,50.419081,23.314788,0.932422,45.841385,18.193344,0.180000,0.500001
1.980000,50.884965,23.273586,0.932786,46.204271,18.095244,0.180000,0.500001
2.000000,51.350025,23.232384,0.933132,46.565195,17.997144,0.180000,0.500001
2.020000,51.814261,23.191182,0.933462,46.924157,17.899044,0.180000,0.500000
2.040000,52.277672,23.149980,0.933776,47.281156,17.800944,0.180000,0.500000
2.060000,52.740260,23.108778,0.934074,47.636194,17.702844,0.180000,0.500000
2.080000,53.202023,23.067576,0.934359,47.989270,17.604744,0.180000,0.500000
2.100000,53.662963,23.026374,0.934630,48.340384,17.506644,0.180000,0.500000
2.120000,54.123078,22.985172,0.934887,48.689536,17.408544,0.180000,0.500000
2.140000,54.582370,22.943970,0.935133,49.036726,17.310444,0.180000,0.500000
2.160000,55.040837,22.902768,0.935366,49.381954,17.212344,0.180000,0.500000
2.180000,55.498711,22.884640,0.935589,49.725220,17.114244,0.180000,0.500000
2.200000,55.956223,22.866511,0.935801,50.066524,17.016144,0.180000,0.500000
2.220000,56.413372,22.848382,0.936002,50.405865,16.918044,0.180000,0.500000
2.240000,56.870158,22.830253,0.936194,50.743245,16.819944,0.180000,0.500000
2.260000,57.326582,22.812124,0.936377,51.078663,16.721844,0.180000,0.500000
2.280000,57.782643,22.793995,0.936551,51.412119,16.623744,0.180000,0.500000
2.300000,58.238342,22.775866,0.936716,51.743613,16.525644,0.180000,0.500000
2.320000,58.693678,22.757737,0.936874,52.073145,16.427544,0.180000,0.500000
2.340000,59.148651,22.739609,0.937024,52.400715,16.329444,0.180000,0.500000
2.360000,59.603262,22.721480,0.937167,52.726323,16.231344,0.180000,0.500000
2.380000,60.057510,22.703351,0.937303,53.049969,16.133244,0.180000,0.500000
2.400000,60.511396,22.685222,0.937432,53.371652,16.035144,0.180000,0.500000
2.420000,60.964919,22.667093,0.937555,53.691374,15.937044,0.180000,0.500000
2.440000,61.418080,22.648964,0.937673,54.009134,15.838944,0.180000,0.500000
2.460000,61.870878,22.630835,0.937784,54.324932,15.740844,0.180000,0.500000
2.480000,62.323313,22.612706,0.937891,54.638768,15.642744,0.180000,0.500000
2.500000,62.775386,22.594577,0.937992,54.950642,15.544644,0.180000,0.500000
2.520000,63.227096,22.576449,0.938088,55.260554,15.446544,0.180000,0.500000
2.540000,63.678444,22.558320,0.938180,55.569057,15.403752,0.190080,0.449600
2.560000,64.129429,22.540191,0.938268,55.876702,15.360825,0.186445,0.408272
2.580000,64.580051,22.522062,0.938351,56.183489,15.317791,0.183524,0.374383
2.600000,65.030311,22.503933,0.938430,56.489413,15.274670,0.181167,0.346594
2.620000,65.480209,22.485804,0.938505,56.794476,15.231586,0.179258,0.323807
2.640000,65.929744,22.467675,0.938577,57.098678,15.188670,0.177708,0.305122
2.660000,66.378916,22.449546,0.938645,57.402024,15.145889,0.176447,0.289800
2.680000,66.827725,22.431418,0.938710,57.704515,15.103219,0.175419,0.277236
2.700000,67.276173,22.413289,0.938772,58.006154,15.060640,0.174580,0.266933
2.720000,67.724257,22.395160,0.938831,58.306941,15.018135,0.173895,0.258485
2.740000,68.171979,22.377031,0.938887,58.606880,14.975690,0.173335,0.251558
2.760000,68.619338,22.358902,0.938941,58.905970,14.933295,0.172877,0.245878
2.780000,69.066335,22.340773,0.938992,59.204212,14.890940,0.172502,0.241220
2.800000,69.512969,22.322644,0.939040,59.501607,14.848618,0.172195,0.237400
2.820000,69.959241,22.304515,0.939086,59.798157,14.806324,0.171943,0.234268
2.840000,70.405150,22.286387,0.939130,60.093861,14.764051,0.171737,0.231700
2.860000,70.850696,22.268258,0.939172,60.388719,14.721797,0.171568,0.229594
2.880000,71.295880,22.250129,0.939211,60.682733,14.679558,0.171430,0.227867
2.900000,71.740701,22.232000,0.939249,60.975902,14.637331,0.171316,0.226451
2.920000,72.185160,22.213871,0.939285,61.268226,14.595114,0.171223,0.225290
2.940000,72.629256,22.195742,0.939320,61.559706,14.552905,0.171147,0.224338
2.960000,73.072990,22.177613,0.939352,61.850342,14.510703,0.171085,0.223557
2.980000,73.516361,22.159484,0.939383,62.140134,14.468507,0.171033,0.222917
3.000000,73.959369,22.141355,0.939413,62.429083,14.426315,0.170991,0.222392
3.020000,74.402015,22.123227,0.939441,62.717187,14.384127,0.170957,0.221961
3.040000,74.844298,22.105098,0.939468,63.004448,14.341942,0.170929,0.221608
3.060000,75.286219,22.086969,0.939493,63.290865,14.299759,0.170906,0.221319
3.080000,75.727777,22.068840,0.939518,63.576438,14.257579,0.170887,0.221081
3.100000,76.168972,22.050711,0.939541,63.861168,14.215400,0.170871,0.220887
3.120000,76.609805,22.032582,0.939563,64.145054,14.173222,0.170858,0.220727
3.140000,77.050276,22.014453,0.939584,64.428097,14.131046,0.170848,0.220596
3.160000,77.490384,21.996324,0.939604,64.710296,14.088870,0.170839,0.220489
3.180000,77.930129,21.978196,0.939623,64.991652,14.046696,0.170832,0.220401
3.200000,78.369511,21.960067,0.939641,65.272164,14.004522,0.170826,0.220329
3.220000,78.808531,21.941938,0.939658,65.551832,13.962348,0.170822,0.220270
3.240000,79.247189,21.923809,0.939675,65.830658,13.920175,0.170818,0.220221
3.260000,79.685484,21.905680,0.939690,66.108639,13.878002,0.170814,0.220181
3.280000,80.123416,21.887551,0.939705,66.385778,13.835830,0.170812,0.220149
3.300000,80.560986,21.869422,0.939719,66.662073,13.793657,0.170810,0.220122
3.320000,80.998193,21.851293,0.939733,66.937524,13.751485,0.170808,0.220100
3.340000,81.435038,21.833165,0.939746,67.212132,13.709313,0.170807,0.220082
3.360000,81.871520,21.815036,0.939758,67.485897,13.667142,0.170805,0.220067
3.380000,82.307639,21.796907,0.939769,67.758818,13.624970,0.170804,0.220055
3.400000,82.743396,21.778778,0.939781,68.030895,13.582798,0.170804,0.220045
3.420000,83.178790,21.760649,0.939791,68.302130,13.540627,0.170803,0.220037
3.440000,83.613822,21.742520,0.939801,68.572520,13.498455,0.170802,0.220030
3.460000,84.048491,21.724391,0.939811,68.842068,13.456284,0.170802,0.220025
3.480000,84.482797,21.706262,0.939820,69.110772,13.414112,0.170802,0.220020
3.500000,84.916741,21.688133,0.939828,69.378632,13.371941,0.170801,0.220017
3.520000,85.350323,21.670005,0.939837,69.645649,13.329770,0.170801,0.220014
3.540000,85.783542,21.651876,0.939844,69.911823,13.287598,0.170801,0.220011
3.560000,86.216398,21.633747,0.939852,70.177153,13.245427,0.170801,0.220009
3.580000,86.648891,21.615618,0.939859,70.441640,13.203256,0.170801,0.220008
3.600000,87.081023,21.597489,0.939866,70.705284,13.161084,0.170800,0.220006
3.620000,87.512791,21.579360,0.939872,70.968084,13.118913,0.170800,0.220005
3.640000,87.944197,21.561231,0.939878,71.230040,13.076742,0.170800,0.220004
3.660000,88.375240,21.543102,0.939884,71.491153,13.034571,0.170800,0.220003
3.680000,88.805921,21.524974,0.939890,71.751423,12.992399,0.170800,0.220003
3.700000,89.236239,21.506845,0.939895,72.010849,12.950228,0.170800,0.220002
3.720000,89.666195,21.488716,0.939900,72.269432,12.908057,0.170800,0.220002
3.740000,90.095788,21.470587,0.939905,72.527172,12.865886,0.170800,0.220002
3.760000,90.525018,21.452458,0.939909,72.784068,12.823714,0.170800,0.220001
3.780000,90.953886,21.434329,0.939914,73.040120,12.781543,0.170800,0.220001
3.800000,91.382391,21.416200,0.939918,73.295329,12.739372,0.170800,0.220001
3.820000,91.810534,21.398071,0.939922,73.549695,12.697201,0.170800,0.220001
3.840000,92.238314,21.379943,0.939926,73.803217,12.655030,0.170800,0.220001
3.860000,92.665732,21.361814,0.939929,74.055896,12.612858,0.170800,0.220000
3.880000,93.092787,21.343685,0.939933,74.307732,12.570687,0.170800,0.220000
3.900000,93.519479,21.325556,0.939936,74.558724,12.528516,0.170800,0.220000
3.920000,93.945809,21.307427,0.939939,74.808872,12.486345,0.170800,0.220000
3.940000,94.371776,21.289298,0.939942,75.058177,12.444173,0.170800,0.220000
3.960000,94.797381,21.271169,0.939945,75.306639,12.402002,0.170800,0.220000
3.980000,95.222623,21.253040,0.939947,75.554258,12.359831,0.170800,0.220000
4.000000,95.647503,21.234911,0.939950,75.801032,12.317660,0.170800,0.220000
4.020000,96.072020,21.216783,0.939952,76.046964,12.275488,0.170800,0.220000
4.040000,96.496174,21.198654,0.939955,76.292052,12.233317,0.170800,0.220000
4.060000,96.919966,21.180525,0.939957,76.536297,12.191146,0.170800,0.220000
4.080000,97.343395,21.162396,0.939959,76.779698,12.148975,0.170800,0.220000
4.100000,97.766462,21.144267,0.939961,77.022256,12.106804,0.170800,0.220000
4.120000,98.189166,21.126138,0.939963,77.263970,12.064632,0.170800,0.220000
4.140000,98.611507,21.108009,0.939964,77.504841,12.022461,0.170800,0.220000
4.160000,99.033486,21.089880,0.939966,77.744868,11.980290,0.170800,0.220000
4.180000,99.455102,21.071752,0.939968,77.984052,11.938119,0.170800,0.220000
4.200000,99.876356,21.053623,0.939969,78.222393,11.895947,0.170800,0.220000
4.220000,100.297247,21.035494,0.939971,78.459890,11.853776,0.170800,0.220000
4.240000,100.717776,21.017365,0.939972,78.696544,11.811605,0.170800,0.220000
4.260000,101.137942,20.999236,0.939974,78.932355,11.769434,0.170800,0.220000
4.280000,101.557745,20.981107,0.939975,79.167322,11.727262,0.170800,0.220000
4.300000,101.977186,20.962978,0.939976,79.401445,11.685091,0.170800,0.220000
4.320000,102.396264,20.944849,0.939977,79.634725,11.642920,0.170800,0.220000
4.340000,102.814980,20.926721,0.939978,79.867162,11.600749,0.170800,0.220000
4.360000,103.233333,20.908592,0.939979,80.098755,11.558578,0.170800,0.220000
4.380000,103.651324,20.890463,0.939980,80.329505,11.516406,0.170800,0.220000
4.400000,104.068952,20.872334,0.939981,80.559411,11.474235,0.170800,0.220000
4.420000,104.486217,20.854205,0.939982,80.788474,11.432064,0.170800,0.220000
4.440000,104.903120,20.836076,0.939983,81.016694,11.389893,0.170800,0.220000
4.460000,105.319660,20.817947,0.939984,81.244070,11.347721,0.170800,0.220000
4.480000,105.735838,20.799818,0.939985,81.470603,11.305550,0.170800,0.220000
4.500000,106.151653,20.781689,0.939985,81.696292,11.263379,0.170800,0.220000
4.520000,106.567105,20.763561,0.939986,81.921138,11.221208,0.170800,0.220000
4.540000,106.982195,20.745432,0.939987,82.145140,11.179037,0.170800,0.220000
4.560000,107.396923,20.727303,0.939987,82.368299,11.136865,0.170800,0.220000
4.580000,107.811287,20.709174,0.939988,82.590615,11.094694,0.170800,0.220000
4.600000,108.225290,20.691045,0.939989,82.812087,11.052523,0.170800,0.220000
4.620000,108.638929,20.672916,0.939989,83.032716,11.010352,0.170800,0.220000
4.640000,109.052206,20.654787,0.939990,83.252501,10.968180,0.170800,0.220000
4.660000,109.465121,20.636658,0.939990,83.471443,10.926009,0.170800,0.220000
4.680000,109.877673,20.618530,0.939991,83.689542,10.883838,0.170800,0.220000
4.700000,110.289862,20.600401,0.939991,83.906797,10.841667,0.170800,0.220000
4.720000,110.701277,20.541070,0.939991,84.123208,10.799495,0.170800,0.220000
4.740000,111.111505,20.481739,0.939992,84.338776,10.757324,0.170800,0.220000
4.760000,111.520546,20.422408,0.939992,84.553501,10.715153,0.170800,0.220000
4.780000,111.928401,20.363077,0.939993,84.767383,10.672982,0.170800,0.220000
4.800000,112.335069,20.303746,0.939993,84.980421,10.630811,0.170800,0.220000
4.820000,112.740551,20.244415,0.939993,85.192615,10.588639,0.170800,0.220000
4.840000,113.144846,20.185085,0.939994,85.403966,10.546468,0.170800,0.220000
4.860000,113.547954,20.125754,0.939994,85.614474,10.504297,0.170800,0.220000
4.880000,113.949876,20.066423,0.939994,85.824138,10.462126,0.170800,0.220000
4.900000,114.350611,20.007092,0.939995,86.032959,10.419954,0.170800,0.220000
4.920000,114.750160,19.947761,0.939995,86.240936,10.377783,0.170800,0.220000
4.940000,115.148522,19.888430,0.939995,86.448070,10.335612,0.170800,0.220000
4.960000,115.545697,19.829099,0.939995,86.654361,10.293441,0.170800,0.220000
4.980000,115.941686,19.769768,0.939995,86.859808,10.251269,0.170800,0.220000
5.000000,116.336488,19.710437,0.939996,87.064411,10.209098,0.170800,0.220000
5.020000,116.730103,19.651107,0.939996,87.268172,10.166927,0.170800,0.220000
5.040000,117.122532,19.591776,0.939996,87.471088,10.124756,0.170800,0.220000
5.060000,117.513774,19.532445,0.939996,87.673162,10.082585,0.170800,0.220000
5.080000,117.903830,19.473114,0.939996,87.874392,10.040413,0.170800,0.220000
5.100000,118.292699,19.413783,0.939997,88.074778,9.998242,0.170800,0.220000
5.120000,118.680381,19.354452,0.939997,88.274322,9.956071,0.170800,0.220000
5.140000,119.066877,19.295121,0.939997,88.473021,9.913900,0.170800,0.220000
5.160000,119.452186,19.235790,0.939997,88.670878,9.871728,0.170800,0.220000
5.180000,119.836308,19.176460,0.939997,88.867890,9.829557,0.170800,0.220000
5.200000,120.219244,19.117129,0.939997,89.064060,9.787386,0.170800,0.220000
5.220000,120.600994,19.057798,0.939998,89.259386,9.745215,0.170800,0.220000
5.240000,120.981556,18.998467,0.939998,89.453868,9.703044,0.170800,0.220000
5.260000,121.360932,18.939136,0.939998,89.647508,9.660872,0.170800,0.220000
5.280000,121.739122,18.879805,0.939998,89.840303,9.618701,0.170800,0.220000
5.300000,122.116124,18.820474,0.939998,90.032256,9.576530,0.170800,0.220000
5.320000,122.491941,18.761143,0.939998,90.223365,9.534359,0.170800,0.220000
5.340000,122.866570,18.701813,0.939998,90.413630,9.492187,0.170800,0.220000
5.360000,123.240013,18.642482,0.939998,90.603052,9.450016,0.170800,0.220000
5.380000,123.612269,18.583151,0.939998,90.791631,9.407845,0.170800,0.220000
5.400000,123.983339,18.523820,0.939998,90.979366,9.365674,0.170800,0.220000
5.420000,124.353222,18.464489,0.939998,91.166258,9.323502,0.170800,0.220000
5.440000,124.721919,18.405158,0.939999,91.352306,9.281331,0.170800,0.220000
5.460000,125.089429,18.345827,0.939999,91.537511,9.239160,0.170800,0.220000
5.480000,125.455752,18.286496,0.939999,91.721872,9.196989,0.170800,0.220000
5.500000,125.820888,18.227165,0.939999,91.905390,9.154818,0.170800,0.220000
5.520000,126.184838,18.167835,0.939999,92.088065,9.112646,0.170800,0.220000
5.540000,126.547602,18.108504,0.939999,92.269896,9.070475,0.170800,0.220000
5.560000,126.909179,18.049173,0.939999,92.450884,9.028304,0.170800,0.220000
5.580000,127.269569,17.989842,0.939999,92.631028,8.986133,0.170800,0.220000
5.600000,127.628772,17.930511,0.939999,92.810329,8.943961,0.170800,0.220000
5.620000,127.986789,17.871180,0.939999,92.988787,8.901790,0.170800,0.220000
5.640000,128.343619,17.811849,0.939999,93.166401,8.859619,0.170800,0.220000
5.660000,128.699263,17.752518,0.939999,93.343172,8.817448,0.170800,0.220000
5.680000,129.053720,17.693188,0.939999,93.519099,8.775277,0.170800,0.220000
5.700000,129.406991,17.633857,0.939999,93.694183,8.733105,0.170800,0.220000
5.720000,129.759074,17.574526,0.939999,93.868423,8.690934,0.170800,0.220000
5.740000,130.109972,17.515195,0.939999,94.041820,8.648763,0.170800,0.220000
5.760000,130.459682,17.455864,0.939999,94.214374,8.606592,0.170800,0.220000
5.780000,130.808206,17.396533,0.939999,94.386084,8.564420,0.170800,0.220000
5.800000,131.155544,17.337202,0.939999,94.556950,8.522249,0.170800,0.220000
5.820000,131.501694,17.277871,0.939999,94.726974,8.480078,0.170800,0.220000
5.840000,131.846658,17.218541,0.939999,94.896153,8.437907,0.170800,0.220000
5.860000,132.190436,17.159210,0.939999,95.064490,8.395735,0.170800,0.220000
5.880000,132.533027,17.099879,0.940000,95.231983,8.353564,0.170800,0.220000
5.900000,132.874431,17.040548,0.940000,95.398632,8.311393,0.170800,0.220000
5.920000,133.214649,16.981217,0.940000,95.564439,8.269222,0.170800,0.220000
5.940000,133.553680,16.921886,0.940000,95.729401,8.227051,0.170800,0.220000
5.960000,133.891524,16.862555,0.940000,95.893521,8.184879,0.170800,0.220000
5.980000,134.228182,16.803224,0.940000,96.056797,8.142708,0.170800,0.220000
6.000000,134.563653,16.743893,0.940000,96.219229,8.100537,0.170800,0.220000
6.020000,134.897938,16.684563,0.940000,96.380818,8.058366,0.170800,0.220000
6.040000,135.231036,16.625232,0.940000,96.541564,8.016194,0.170800,0.220000
6.060000,135.562947,16.565901,0.940000,96.701466,7.974023,0.170800,0.220000
6.080000,135.893672,16.506570,0.940000,96.860525,7.931852,0.170800,0.220000
6.100000,136.223210,16.447239,0.940000,97.018740,7.889681,0.170800,0.220000
6.120000,136.551561,16.387908,0.940000,97.176112,7.847509,0.170800,0.220000
6.140000,136.878726,16.328577,0.940000,97.332640,7.805338,0.170800,0.220000
6.160000,137.204704,16.269246,0.940000,97.488325,7.763167,0.170800,0.220000
6.180000,137.529496,16.209916,0.940000,97.643167,7.720996,0.170800,0.220000
6.200000,137.853101,16.150585,0.940000,97.797165,7.678825,0.170800,0.220000
6.220000,138.175519,16.091254,0.940000,97.950320,7.636653,0.170800,0.220000
6.240000,138.496751,16.031923,0.940000,98.102631,7.594482,0.170800,0.220000
6.260000,138.816796,15.972592,0.940000,98.254099,7.552311,0.170800,0.220000
6.280000,139.135655,15.913261,0.940000,98.404724,7.510140,0.170800,0.220000
6.300000,139.453327,15.853930,0.940000,98.554505,7.467968,0.170800,0.220000
6.320000,139.769812,15.794599,0.940000,98.703442,7.425797,0.170800,0.220000
6.340000,140.085111,15.735269,0.940000,98.851537,7.383626,0.170800,0.220000
6.360000,140.399223,15.675938,0.940000,98.998787,7.341455,0.170800,0.220000
6.380000,140.712148,15.616607,0.940000,99.145195,7.299284,0.170800,0.220000
6.400000,141.023887,15.557276,0.940000,99.290759,7.257112,0.170800,0.220000
6.420000,141.334439,15.497945,0.940000,99.435479,7.214941,0.170800,0.220000
6.440000,141.643805,15.438614,0.940000,99.579356,7.172770,0.170800,0.220000
6.460000,141.951984,15.379283,0.940000,99.722390,7.130599,0.170800,0.220000
6.480000,142.258976,15.319952,0.940000,99.864580,7.088427,0.170800,0.220000
6.500000,142.564782,15.260621,0.940000,100.005927,7.046256,0.170800,0.220000
6.520000,142.869401,15.201291,0.940000,100.146431,7.004085,0.170800,0.220000
6.540000,143.172833,15.141960,0.940000,100.286091,6.961914,0.170800,0.220000
6.560000,143.475079,15.082629,0.940000,100.424907,6.919742,0.170800,0.220000
6.580000,143.776139,15.023298,0.940000,100.562880,6.877571,0.170800,0.220000
6.600000,144.076011,14.963967,0.940000,100.700010,6.835400,0.170800,0.220000
6.620000,144.374697,14.904636,0.940000,100.836296,6.793229,0.170800,0.220000
6.640000,144.672197,14.845305,0.940000,100.971739,6.751058,0.170800,0.220000
6.660000,144.968510,14.785974,0.940000,101.106339,6.708886,0.170800,0.220000
6.680000,145.263636,14.726644,0.940000,101.240095,6.666715,0.170800,0.220000
6.700000,145.557575,14.667313,0.940000,101.373007,6.624544,0.170800,0.220000
6.720000,145.850328,14.607982,0.940000,101.505076,6.582373,0.170800,0.220000
6.740000,146.141895,14.548651,0.940000,101.636302,6.540201,0.170800,0.220000
6.760000,146.432274,14.489320,0.940000,101.766684,6.498030,0.170800,0.220000
6.780000,146.721467,14.429989,0.940000,101.896223,6.455859,0.170800,0.220000
6.800000,147.009474,14.370658,0.940000,102.024919,6.413688,0.170800,0.220000
6.820000,147.296294,14.311327,0.940000,102.152771,6.371517,0.170800,0.220000
6.840000,147.581927,14.251997,0.940000,102.279779,6.329345,0.170800,0.220000
6.860000,147.866374,14.192666,0.940000,102.405945,6.287174,0.170800,0.220000
6.880000,148.149634,14.133335,0.940000,102.531266,6.245003,0.170800,0.220000
6.900000,148.431707,14.074004,0.940000,102.655745,6.202832,0.170800,0.220000
6.920000,148.712594,14.014673,0.940000,102.779380,6.160660,0.170800,0.220000
6.940000,148.992294,13.955342,0.940000,102.902171,6.118489,0.170800,0.220000
6.960000,149.270807,13.896011,0.940000,103.024119,6.076318,0.170800,0.220000
6.980000,149.548134,13.836680,0.940000,103.145224,6.034147,0.170800,0.220000
7.000000,149.824275,13.777349,0.940000,103.265485,5.991975,0.170800,0.220000
7.020000,150.099228,13.718019,0.940000,103.384903,5.949804,0.170800,0.220000
7.040000,150.372995,13.658688,0.940000,103.503477,5.907633,0.170800,0.220000
7.060000,150.645576,13.599357,0.940000,103.621208,5.865462,0.170800,0.220000
7.080000,150.916970,13.540026,0.940000,103.738096,5.823291,0.170800,0.220000
7.100000,151.187177,13.480695,0.940000,103.854140,5.781119,0.170800,0.220000
7.120000,151.456197,13.421364,0.940000,103.969341,5.738948,0.170800,0.220000
7.140000,151.724031,13.362033,0.940000,104.083698,5.696777,0.170800,0.220000
7.160000,151.990679,13.302702,0.940000,104.197212,5.654606,0.170800,0.220000
7.180000,152.256139,13.243372,0.940000,104.309882,5.612434,0.170800,0.220000
7.200000,152.520414,13.184041,0.940000,104.421709,5.570263,0.170800,0.220000
7.220000,152.783501,13.124710,0.940000,104.532693,5.528092,0.170800,0.220000
7.240000,153.045402,13.065379,0.940000,104.642833,5.485921,0.170800,0.220000
7.260000,153.306116,13.006048,0.940000,104.752129,5.443749,0.170800,0.220000
7.280000,153.565644,12.946717,0.940000,104.860583,5.401578,0.170800,0.220000
7.300000,153.823985,12.887386,0.940000,104.968193,5.359407,0.170800,0.220000
7.320000,154.081139,12.828055,0.940000,105.074959,5.317236,0.170800,0.220000
7.340000,154.337107,12.768725,0.940000,105.180882,5.275065,0.170800,0.220000
7.360000,154.591888,12.709394,0.940000,105.285962,5.232893,0.170800,0.220000
7.380000,154.845483,12.650063,0.940000,105.390198,5.190722,0.170800,0.220000
7.400000,155.097891,12.590732,0.940000,105.493590,5.148551,0.170800,0.220000
7.420000,155.349112,12.531401,0.940000,105.596140,5.106380,0.170800,0.220000
7.440000,155.599147,12.472070,0.940000,105.697846,5.064208,0.170800,0.220000
7.460000,155.847995,12.412739,0.940000,105.798708,5.022037,0.170800,0.220000
7.480000,156.095656,12.353408,0.940000,105.898727,4.979866,0.170800,0.220000
7.500000,156.342131,12.294077,0.940000,105.997903,4.937695,0.170800,0.220000
7.520000,156.587420,12.234747,0.940000,106.096235,4.895524,0.170800,0.220000
7.540000,156.831521,12.175416,0.940000,106.193724,4.853352,0.170800,0.220000
7.560000,157.074436,12.116085,0.940000,106.290369,4.811181,0.170800,0.220000
7.580000,157.316165,12.056754,0.940000,106.386171,4.769010,0.170800,0.220000
7.600000,157.556706,11.997423,0.940000,106.481129,4.726839,0.170800,0.220000
7.620000,157.796062,11.938092,0.940000,106.575244,4.684667,0.170800,0.220000
7.640000,158.034230,11.878761,0.940000,106.668516,4.642496,0.170800,0.220000
7.660000,158.271212,11.819430,0.940000,106.760944,4.600325,0.170800,0.220000
7.680000,158.507007,11.760100,0.940000,106.852529,4.558154,0.170800,0.220000
7.700000,158.741616,11.700769,0.940000,106.943270,4.515982,0.170800,0.220000
7.720000,158.975038,11.641438,0.940000,107.033168,4.473811,0.170800,0.220000
7.740000,159.207273,11.582107,0.940000,107.122223,4.431640,0.170800,0.220000
7.760000,159.438322,11.522776,0.940000,107.210434,4.389469,0.170800,0.220000
7.780000,159.668185,11.463445,0.940000,107.297802,4.347298,0.170800,0.220000
7.800000,159.896860,11.404114,0.940000,107.384326,4.305126,0.170800,0.220000
7.820000,160.124349,11.344783,0.940000,107.470007,4.262955,0.170800,0.220000
7.840000,160.350651,11.285453,0.940000,107.554844,4.220784,0.170800,0.220000
7.860000,160.575767,11.226122,0.940000,107.638838,4.178613,0.170800,0.220000
7.880000,160.799696,11.166791,0.940000,107.721989,4.136441,0.170800,0.220000
7.900000,161.022439,11.107460,0.940000,107.804296,4.094270,0.170800,0.220000
7.920000,161.243995,11.048129,0.940000,107.885759,4.052099,0.170800,0.220000
7.940000,161.464364,10.988798,0.940000,107.966380,4.009928,0.170800,0.220000
7.960000,161.683547,10.929467,0.940000,108.046156,3.967757,0.170800,0.220000
7.980000,161.901543,10.870136,0.940000,108.125090,3.925585,0.170800,0.220000
8.000000,162.118352,10.810805,0.940000,108.203180,3.883414,0.170800,0.220000
8.020000,162.333975,10.751475,0.940000,108.280426,3.841243,0.170800,0.220000
8.040000,162.548411,10.692144,0.940000,108.356830,3.799072,0.170800,0.220000
8.060000,162.761661,10.632813,0.940000,108.432389,3.756900,0.170800,0.220000
8.080000,162.973724,10.573482,0.940000,108.507106,3.714729,0.170800,0.220000
8.100000,163.184600,10.514151,0.940000,108.580978,3.672558,0.170800,0.220000
8.120000,163.394290,10.454820,0.940000,108.654008,3.630387,0.170800,0.220000
8.140000,163.602793,10.395489,0.940000,108.726194,3.588215,0.170800,0.220000
8.160000,163.810109,10.336158,0.940000,108.797537,3.546044,0.170800,0.220000
8.180000,164.016239,10.276828,0.940000,108.868036,3.503873,0.170800,0.220000
8.200000,164.221182,10.217497,0.940000,108.937691,3.461702,0.170800,0.220000
8.220000,164.424939,10.158166,0.940000,109.006504,3.419531,0.170800,0.220000
8.240000,164.627509,10.098835,0.940000,109.074473,3.377359,0.170800,0.220000
8.260000,164.828892,10.039504,0.940000,109.141598,3.335188,0.170800,0.220000
8.280000,165.029089,9.980173,0.940000,109.207880,3.293017,0.170800,0.220000
8.300000,165.228099,9.920842,0.940000,109.273319,3.250846,0.170800,0.220000
8.320000,165.425923,9.861511,0.940000,109.337914,3.208674,0.170800,0.220000
8.340000,165.622560,9.802181,0.940000,109.401666,3.166503,0.170800,0.220000
8.360000,165.818010,9.742850,0.940000,109.464574,3.124332,0.170800,0.220000
8.380000,166.012274,9.683519,0.940000,109.526639,3.082161,0.170800,0.220000
8.400000,166.205351,9.624188,0.940000,109.587861,3.039990,0.170800,0.220000
8.420000,166.397241,9.564857,0.940000,109.648239,2.997818,0.170800,0.220000
8.440000,166.587945,9.505526,0.940000,109.707773,2.955647,0.170800,0.220000
8.460000,166.777462,9.446195,0.940000,109.766465,2.913476,0.170800,0.220000
8.480000,166.965793,9.386864,0.940000,109.824312,2.871305,0.170800,0.220000
8.500000,167.152937,9.327533,0.940000,109.881317,2.829133,0.170800,0.220000
8.520000,167.338894,9.268203,0.940000,109.937478,2.786962,0.170800,0.220000
8.540000,167.523665,9.208872,0.940000,109.992795,2.744791,0.170800,0.220000
8.560000,167.707249,9.149541,0.940000,110.047269,2.702620,0.170800,0.220000
8.580000,167.889647,9.090210,0.940000,110.099920,2.562417,0.188800,0.310000
8.600000,168.070857,9.030879,0.940000,110.149760,2.421589,0.183616,0.383800
8.620000,168.250882,8.971548,0.940000,110.196781,2.280489,0.181361,0.444316
8.640000,168.429719,8.912217,0.940000,110.240979,2.139320,0.180789,0.493939
8.660000,168.607370,8.852886,0.940000,110.282353,1.998117,0.180505,0.534630
8.680000,168.783835,8.793556,0.940000,110.320903,1.856892,0.180323,0.567997
8.700000,168.959113,8.734225,0.940000,110.356629,1.715653,0.180207,0.595357
8.720000,169.133204,8.674894,0.940000,110.389529,1.574405,0.180132,0.617793
8.740000,169.306108,8.615563,0.940000,110.419605,1.433151,0.180085,0.636190
8.760000,169.477826,8.556232,0.940000,110.446855,1.291894,0.180054,0.651276
8.780000,169.648358,8.496901,0.940000,110.471280,1.150634,0.180035,0.663646
8.800000,169.817702,8.437570,0.940000,110.492880,1.009373,0.180022,0.673790
8.820000,169.985860,8.378239,0.940000,110.511655,0.868110,0.180014,0.682108
8.840000,170.152832,8.318909,0.940000,110.527605,0.726847,0.180009,0.688928
8.860000,170.318617,8.259578,0.940000,110.540729,0.585584,0.180006,0.694521
8.880000,170.483215,8.200247,0.940000,110.551028,0.444321,0.180004,0.699107
8.900000,170.646627,8.140916,0.940000,110.558502,0.303057,0.180002,0.702868
8.920000,170.808852,8.081585,0.940000,110.563151,0.161793,0.180002,0.705952
8.940000,170.969890,8.022254,0.940000,110.564974,0.020529,0.180001,0.708481
8.960000,171.129742,7.962923,0.940000,110.564974,0.000000,0.180001,0.708481
8.980000,171.288407,7.903592,0.940000,110.564974,0.000000,0.180001,0.708481
9.000000,171.445886,7.844261,0.940000,110.564974,0.000000,0.180001,0.708481
9.020000,171.602177,7.784931,0.940000,110.564974,0.000000,0.180001,0.708481
9.040000,171.757283,7.725600,0.940000,110.564974,0.000000,0.180001,0.708481
9.060000,171.911201,7.666269,0.940000,110.564974,0.000000,0.180001,0.708481
9.080000,172.063934,7.606938,0.940000,110.564974,0.000000,0.180001,0.708481
9.100000,172.215479,7.547607,0.940000,110.564974,0.000000,0.180001,0.708481
9.120000,172.365838,7.488276,0.940000,110.564974,0.000000,0.180001,0.708481
9.140000,172.515010,7.428945,0.940000,110.564974,0.000000,0.180001,0.708481
9.160000,172.662996,7.369614,0.940000,110.564974,0.000000,0.180001,0.708481
9.180000,172.809795,7.310284,0.940000,110.564974,0.000000,0.180001,0.708481
9.200000,172.955407,7.250953,0.940000,110.564974,0.000000,0.180001,0.708481
9.220000,173.099833,7.191622,0.940000,110.564974,0.000000,0.180001,0.708481
9.240000,173.243072,7.132291,0.940000,110.564974,0.000000,0.180001,0.708481
9.260000,173.385124,7.072960,0.940000,110.564974,0.000000,0.180001,0.708481
9.280000,173.525990,7.013629,0.940000,110.564974,0.000000,0.180001,0.708481
9.300000,173.665670,6.954298,0.940000,110.564974,0.000000,0.180001,0.708481
9.320000,173.804162,6.894967,0.940000,110.564974,0.000000,0.180001,0.708481
9.340000,173.941468,6.835637,0.940000,110.564974,0.000000,0.180001,0.708481
9.360000,174.077588,6.776306,0.940000,110.564974,0.000000,0.180001,0.708481
9.380000,174.212520,6.716975,0.940000,110.564974,0.000000,0.180001,0.708481
9.400000,174.346267,6.657644,0.940000,110.564974,0.000000,0.180001,0.708481
9.420000,174.478826,6.598313,0.940000,110.564974,0.000000,0.180001,0.708481
9.440000,174.610199,6.538982,0.940000,110.564974,0.000000,0.180001,0.708481
9.460000,174.740386,6.479651,0.940000,110.564974,0.000000,0.180001,0.708481
9.480000,174.869385,6.420320,0.940000,110.564974,0.000000,0.180001,0.708481
9.500000,174.997198,6.360989,0.940000,110.564974,0.000000,0.180001,0.708481
9.520000,175.123825,6.301659,0.940000,110.564974,0.000000,0.180001,0.708481
9.540000,175.249265,6.242328,0.940000,110.564974,0.000000,0.180001,0.708481
9.560000,175.373518,6.182997,0.940000,110.564974,0.000000,0.180001,0.708481
9.580000,175.496585,6.123666,0.940000,110.564974,0.000000,0.180001,0.708481
9.600000,175.618465,6.064335,0.940000,110.564974,0.000000,0.180001,0.708481
9.620000,175.739158,6.005004,0.940000,110.564974,0.000000,0.180001,0.708481
9.640000,175.858665,5.945673,0.940000,110.564974,0.000000,0.180001,0.708481
9.660000,175.976985,5.886342,0.940000,110.564974,0.000000,0.180001,0.708481
9.680000,176.094118,5.827012,0.940000,110.564974,0.000000,0.180001,0.708481
9.700000,176.210065,5.767681,0.940000,110.564974,0.000000,0.180001,0.708481
9.720000,176.324826,5.708350,0.940000,110.564974,0.000000,0.180001,0.708481
9.740000,176.438399,5.649019,0.940000,110.564974,0.000000,0.180001,0.708481
9.760000,176.550786,5.589688,0.940000,110.564974,0.000000,0.180001,0.708481
9.780000,176.661987,5.530357,0.940000,110.564974,0.000000,0.180001,0.708481
9.800000,176.772001,5.471026,0.940000,110.564974,0.000000,0.180001,0.708481
9.820000,176.880828,5.411695,0.940000,110.564974,0.000000,0.180001,0.708481
9.840000,176.988468,5.352365,0.940000,110.564974,0.000000,0.180001,0.708481
9.860000,177.094922,5.293034,0.940000,110.564974,0.000000,0.180001,0.708481
9.880000,177.200190,5.233703,0.940000,110.564974,0.000000,0.180001,0.708481
9.900000,177.304271,5.174372,0.940000,110.564974,0.000000,0.180001,0.708481
9.920000,177.407165,5.115041,0.940000,110.564974,0.000000,0.180001,0.708481
9.940000,177.508872,5.055710,0.940000,110.564974,0.000000,0.180001,0.708481
9.960000,177.609393,4.996379,0.940000,110.564974,0.000000,0.180001,0.708481
9.980000,177.708727,4.937048,0.940000,110.564974,0.000000,0.180001,0.708481
10.000000,177.806875,4.877717,0.940000,110.564974,0.000000,0.180001,0.708481
10.020000,177.903836,4.818387,0.940000,110.564974,0.000000,0.180001,0.708481
10.040000,177.999611,4.759056,0.940000,110.564974,0.000000,0.180001,0.708481
10.060000,178.094198,4.699725,0.940000,110.564974,0.000000,0.180001,0.708481
10.080000,178.187600,4.640394,0.940000,110.564974,0.000000,0.180001,0.708481
10.100000,178.279814,4.581063,0.940000,110.564974,0.000000,0.180001,0.708481
10.120000,178.370842,4.521732,0.940000,110.564974,0.000000,0.180001,0.708481
10.140000,178.460683,4.462401,0.940000,110.564974,0.000000,0.180001,0.708481
10.160000,178.549338,4.403070,0.940000,110.564974,0.000000,0.180001,0.708481
10.180000,178.636806,4.343740,0.940000,110.564974,0.000000,0.180001,0.708481
10.200000,178.723088,4.284409,0.940000,110.564974,0.000000,0.180001,0.708481
10.220000,178.808183,4.225078,0.940000,110.564974,0.000000,0.180001,0.708481
10.240000,178.892091,4.165747,0.940000,110.564974,0.000000,0.180001,0.708481
10.260000,178.974812,4.106416,0.940000,110.564974,0.000000,0.180001,0.708481
10.280000,179.056347,4.047085,0.940000,110.564974,0.000000,0.180001,0.708481
10.300000,179.136696,3.987754,0.940000,110.564974,0.000000,0.180001,0.708481
10.320000,179.215858,3.928423,0.940000,110.564974,0.000000,0.180001,0.708481
10.340000,179.293833,3.869093,0.940000,110.564974,0.000000,0.180001,0.708481
10.360000,179.370621,3.809762,0.940000,110.564974,0.000000,0.180001,0.708481
10.380000,179.446223,3.750431,0.940000,110.564974,0.000000,0.180001,0.708481
10.400000,179.520639,3.691100,0.940000,110.564974,0.000000,0.180001,0.708481
10.420000,179.593867,3.631769,0.940000,110.564974,0.000000,0.180001,0.708481
10.440000,179.665909,3.572438,0.940000,110.564974,0.000000,0.180001,0.708481
10.460000,179.736765,3.513107,0.940000,110.564974,0.000000,0.180001,0.708481
10.480000,179.806434,3.453776,0.940000,110.564974,0.000000,0.180001,0.708481
10.500000,179.874916,3.394445,0.940000,110.564974,0.000000,0.180001,0.708481
10.520000,179.942211,3.335115,0.940000,110.564974,0.000000,0.180001,0.708481
10.540000,180.008320,3.275784,0.940000,110.564974,0.000000,0.180001,0.708481
10.560000,180.073243,3.216453,0.940000,110.564974,0.000000,0.180001,0.708481
10.580000,180.136979,3.157122,0.940000,110.564974,0.000000,0.180001,0.708481
10.600000,180.199528,3.097791,0.940000,110.564974,0.000000,0.180001,0.708481
10.620000,180.260890,3.038460,0.940000,110.564974,0.000000,0.180001,0.708481
10.640000,180.321066,2.979129,0.940000,110.564974,0.000000,0.180001,0.708481
10.660000,180.380055,2.919798,0.940000,110.564974,0.000000,0.180001,0.708481
10.680000,180.437858,2.860468,0.940000,110.564974,0.000000,0.180001,0.708481
10.700000,180.494474,2.801137,0.940000,110.564974,0.000000,0.180001,0.708481
10.720000,180.549903,2.741806,0.940000,110.564974,0.000000,0.180001,0.708481
10.740000,180.604146,2.682475,0.940000,110.564974,0.000000,0.180001,0.708481
10.760000,180.657202,2.623144,0.940000,110.564974,0.000000,0.180001,0.708481
10.780000,180.709072,2.563813,0.940000,110.564974,0.000000,0.180001,0.708481
10.800000,180.759755,2.504482,0.940000,110.564974,0.000000,0.180001,0.708481
10.820000,180.809251,2.445151,0.940000,110.564974,0.000000,0.180001,0.708481
10.840000,180.857561,2.385821,0.940000,110.564974,0.000000,0.180001,0.708481
10.860000,180.904684,2.326490,0.940000,110.564974,0.000000,0.180001,0.708481
10.880000,180.950621,2.267159,0.940000,110.564974,0.000000,0.180001,0.708481
10.900000,180.995370,2.207828,0.940000,110.564974,0.000000,0.180001,0.708481
10.920000,181.038934,2.148497,0.940000,110.564974,0.000000,0.180001,0.708481
10.940000,181.081310,2.089166,0.940000,110.564974,0.000000,0.180001,0.708481
10.960000,181.122500,2.029835,0.940000,110.564974,0.000000,0.180001,0.708481
10.980000,181.162504,1.970504,0.940000,110.564974,0.000000,0.180001,0.708481
11.000000,181.201321,1.911173,0.940000,110.564974,0.000000,0.180001,0.708481
11.020000,181.238951,1.851843,0.940000,110.564974,0.000000,0.180001,0.708481
11.040000,181.275394,1.792512,0.940000,110.564974,0.000000,0.180001,0.708481
11.060000,181.310651,1.733181,0.940000,110.564974,0.000000,0.180001,0.708481
11.080000,181.344721,1.673850,0.940000,110.564974,0.000000,0.180001,0.708481
11.100000,181.377605,1.614519,0.940000,110.564974,0.000000,0.180001,0.708481
11.120000,181.409302,1.555188,0.940000,110.564974,0.000000,0.180001,0.708481
11.140000,181.439813,1.495857,0.940000,110.564974,0.000000,0.180001,0.708481
11.160000,181.469137,1.436526,0.940000,110.564974,0.000000,0.180001,0.708481
11.180000,181.497274,1.377196,0.940000,110.564974,0.000000,0.180001,0.708481
11.200000,181.524224,1.317865,0.940000,110.564974,0.000000,0.180001,0.708481
11.220000,181.549988,1.258534,0.940000,110.564974,0.000000,0.180001,0.708481
11.240000,181.574566,1.199203,0.940000,110.564974,0.000000,0.180001,0.708481
11.260000,181.597956,1.139872,0.940000,110.564974,0.000000,0.180001,0.708481
11.280000,181.620161,1.080541,0.940000,110.564974,0.000000,0.180001,0.708481
11.300000,181.641178,1.021210,0.940000,110.564974,0.000000,0.180001,0.708481
11.320000,181.661009,0.961879,0.940000,110.564974,0.000000,0.180001,0.708481
11.340000,181.679653,0.902549,0.940000,110.564974,0.000000,0.180001,0.708481
11.360000,181.697111,0.843218,0.940000,110.564974,0.000000,0.180001,0.708481
11.380000,181.713382,0.783887,0.940000,110.564974,0.000000,0.180001,0.708481
11.400000,181.728466,0.724556,0.940000,110.564974,0.000000,0.180001,0.708481
11.420000,181.742364,0.665225,0.940000,110.564974,0.000000,0.180001,0.708481
11.440000,181.755075,0.605894,0.940000,110.564974,0.000000,0.180001,0.708481
11.460000,181.766600,0.546563,0.940000,110.564974,0.000000,0.180001,0.708481
11.480000,181.776938,0.487232,0.940000,110.564974,0.000000,0.180001,0.708481
11.500000,181.786089,0.427901,0.940000,110.564974,0.000000,0.180001,0.708481
11.520000,181.794054,0.368571,0.940000,110.564974,0.000000,0.180001,0.708481
11.540000,181.800832,0.309240,0.940000,110.564974,0.000000,0.180001,0.708481
11.560000,181.806424,0.249909,0.940000,110.564974,0.000000,0.180001,0.708481
11.580000,181.810828,0.190578,0.940000,110.564974,0.000000,0.180001,0.708481
11.600000,181.814047,0.131247,0.940000,110.564974,0.000000,0.180001,0.708481
11.620000,181.816078,0.071916,0.940000,110.564974,0.000000,0.180001,0.708481
11.640000,181.816923,0.012585,0.940000,110.564974,0.000000,0.180001,0.708481
11.660000,181.816923,0.000000,0.940000,110.564974,0.000000,0.180001,0.708481
11.680000,181.816923,0.000000,0.940000,110.564974,0.000000,0.180001,0.708481
11.700000,181.816923,0.000000,0.940000,110.564974,0.000000,0.180001,0.708481
11.720000,181.816923,0.000000,0.940000,110.564974,0.000000,0.180001,0.708481
11.740000,181.816923,0.000000,0.940000,110.564974,0.000000,0.180001,0.708481
11.760000,181.816923,0.000000,0.940000,110.564974,0.000000,0.180001,0.708481
11.780000,181.816923,0.000000,0.940000,110.564974,0.000000,0.180001,0.708481
11.800000,181.816923,0.000000,0.940000,110.564974,0.000000,0.180001,0.708481
11.820000,181.816923,0.000000,0.940000,110.564974,0.000000,0.180001,0.708481
11.840000,181.816923,0.000000,0.940000,110.564974,0.000000,0.180001,0.708481
11.860000,181.816923,0.000000,0.940000,110.564974,0.000000,0.180001,0.708481
11.880000,181.816923,0.000000,0.940000,110.564974,0.000000,0.180001,0.708481
11.900000,181.816923,0.000000,0.940000,110.564974,0.000000,0.180001,0.708481
11.920000,181.816923,0.000000,0.940000,110.564974,0.000000,0.180001,0.708481
11.940000,181.816923,0.000000,0.940000,110.564974,0.000000,0.180001,0.708481
11.960000,181.816923,0.000000,0.940000,110.564974,0.000000,0.180001,0.708481
11.980000,181.816923,0.000000,0.940000,110.564974,0.000000,0.180001,0.708481
12.000000,181.816923,0.000000,0.940000,110.564974,0.000000,0.180001,0.708481
